"No.","Channel Name","Receive Frequency","Transmit Frequency","Channel Type","Transmit Power","Band Width","CTCSS/DCS Decode","CTCSS/DCS Encode","Contact","Contact Call Type","Contact TG/DMR ID","Radio ID","Busy Lock/TX Permit","Squelch Mode","Optional Signal","DTMF ID","2Tone ID","5Tone ID","PTT ID","Color Code","Slot","Scan List","Receive Group List","PTT Prohibit","Reverse","Simplex TDMA","Slot Suit","AES Digital Encryption","Digital Encryption","Call Confirmation","Talk Around(Simplex)","Work Alone","Custom CTCSS","2TONE Decode","Ranging","Through Mode","APRS RX","Analog APRS PTT Mode","Digital APRS PTT Mode","APRS Report Type","Digital APRS Report Channel","Correct Frequency[Hz]","SMS Confirmation","Exclude channel from roaming","DMR MODE","DataACK Disable","R5toneBot","R5ToneEot","Auto Scan","Ana Aprs Mute","Send Talker Alias","AnaAprsTxPath","ARC4","ex_emg_kind"
"1","CH-HB9CFG-BM-Gen","430.77500","432.37500","D-Digital","High","12.5K","Off","Off","222 Italia","Group Call","222","IU2RKO","Always","Carrier","Off","1","1","1","Off","1","1","Lombardia DMR","None","Off","Off","Off","Off","Normal Encryption","Off","Off","Off","Off","131.8","1","Off","Off","On","Off","Off","Off","1","0","Off","0","1","1","0","0","0","0","0","0","0","0"
"2","CO-IK2UIZ Olgia1","430.23750","431.83750","D-Digital","High","12.5K","Off","Off","222 Italia","Group Call","222","IU2RKO","Always","Carrier","Off","1","1","1","Off","2","1","Lombardia DMR","None","Off","Off","Off","Off","Normal Encryption","Off","Off","Off","Off","251.1","1","Off","Off","On","Off","Off","Off","1","0","Off","0","1","0","0","0","0","0","0","0","0","0"
"3","MI-IZ2MYB-BM-Ci1","430.46250","435.46250","D-Digital","High","12.5K","Off","Off","222 Italia","Group Call","222","IU2RKO","Always","Carrier","Off","1","1","1","Off","1","1","Lombardia DMR","None","Off","Off","Off","Off","Normal Encryption","Off","Off","Off","Off","251.1","1","Off","On","On","Off","Off","Off","1","0","Off","0","0","0","0","0","0","0","0","0","0","0"
"4","BG-IR2UED-BM-Va1","431.51250","433.11250","D-Digital","High","12.5K","Off","Off","222 Italia","Group Call","222","IU2RKO","Always","Carrier","Off","1","1","1","Off","1","1","Lombardia DMR","None","Off","Off","Off","Off","Normal Encryption","Off","Off","Off","Off","251.1","1","Off","On","On","Off","Off","Off","1","0","Off","0","0","0","0","0","0","0","0","0","0","0"
"5","MI-IK2ILW-BM-Mi1","431.46250","433.06250","D-Digital","High","12.5K","Off","Off","222 Italia","Group Call","222","IU2RKO","Always","Carrier","Off","1","1","1","Off","1","1","Lombardia DMR","None","Off","Off","Off","Off","Normal Encryption","Off","Off","Off","Off","251.1","1","Off","On","On","Off","Off","Off","1","0","Off","0","0","0","0","0","0","0","0","0","0","0"
"6","CO-IR2UGV-BM-Sta","431.36250","432.96250","D-Digital","High","12.5K","Off","Off","222030 BS","Group Call","222030","IU2RKO","Always","Carrier","Off","1","1","1","Off","1","2","Lombardia DMR","None","Off","Off","Off","Off","Normal Encryption","Off","Off","Off","Off","251.1","1","Off","On","On","Off","Off","Off","1","0","Off","0","0","0","0","0","0","0","0","0","0","0"
"7","MI-IR2ZZZ-BM-Mi0","430.96250","435.96250","D-Digital","High","12.5K","Off","Off","222 Italia","Group Call","222","IU2RKO","Always","Carrier","Off","1","1","1","Off","1","1","Lombardia DMR","None","Off","Off","Off","Off","Normal Encryption","Off","Off","Off","Off","251.1","1","Off","On","On","Off","Off","Off","1","0","Off","0","0","0","0","0","0","0","0","0","0","0"
"8","LC-IR2ZZX-BM-Ga1","430.97500","435.97500","D-Digital","High","12.5K","Off","Off","222 Italia","Group Call","222","IU2RKO","Always","Carrier","Off","1","1","1","Off","1","1","Lombardia DMR","None","Off","Off","Off","Off","Normal Encryption","Off","Off","Off","Off","251.1","1","Off","On","On","Off","Off","Off","1","0","Off","0","0","0","0","0","0","0","0","0","0","0"
"9","PV-IR2UDS-BM-Pe1","431.37500","432.97500","D-Digital","High","12.5K","Off","Off","222 Italia","Group Call","222","IU2RKO","Always","Carrier","Off","1","1","1","Off","1","1","Lombardia DMR","None","Off","Off","Off","Off","Normal Encryption","Off","Off","Off","Off","251.1","1","Off","On","On","Off","Off","Off","1","0","Off","0","0","0","0","0","0","0","0","0","0","0"
"10","CH-HB9GFG-BM-Gen","430.77500","432.37500","D-Digital","High","12.5K","Off","Off","22221 Lombardia","Group Call","22221","IU2RKO","Always","Carrier","Off","1","1","1","Off","1","2","Lombardia DMR","None","Off","Off","Off","Off","Normal Encryption","Off","Off","Off","Off","131.8","1","Off","Off","On","Off","Off","Off","1","0","Off","0","1","1","0","0","0","0","0","0","0","0"
"11","CO-IK2UIZ-BM-Olg","430.23750","431.83750","D-Digital","High","12.5K","Off","Off","22221 Lombardia","Group Call","22221","IU2RKO","Always","Carrier","Off","1","1","1","Off","2","2","Lombardia DMR","None","Off","Off","Off","Off","Normal Encryption","Off","Off","Off","Off","251.1","1","Off","On","On","Off","Off","Off","1","0","Off","0","0","0","0","0","0","0","0","0","0","0"
"12","MI-IZ2MYB-BM-Cin","430.46250","435.46250","D-Digital","High","12.5K","Off","Off","22221 Lombardia","Group Call","22221","IU2RKO","Always","Carrier","Off","1","1","1","Off","1","2","Lombardia DMR","None","Off","Off","Off","Off","Normal Encryption","Off","Off","Off","Off","251.1","1","Off","On","On","Off","Off","Off","1","0","Off","0","0","0","0","0","0","0","0","0","0","0"
"13","BG-IR2UED-BM-Val","431.51250","433.11250","D-Digital","High","12.5K","Off","Off","22221 Lombardia","Group Call","22221","IU2RKO","Always","Carrier","Off","1","1","1","Off","1","2","Lombardia DMR","None","Off","Off","Off","Off","Normal Encryption","Off","Off","Off","Off","251.1","1","Off","On","On","Off","Off","Off","1","0","Off","0","0","0","0","0","0","0","0","0","0","0"
"14","MI-IK2ILW-BM-Mil","431.46250","433.06250","D-Digital","High","12.5K","Off","Off","22221 Lombardia","Group Call","22221","IU2RKO","Always","Carrier","Off","1","1","1","Off","1","2","Lombardia DMR","None","Off","Off","Off","Off","Normal Encryption","Off","Off","Off","Off","251.1","1","Off","On","On","Off","Off","Off","1","0","Off","0","0","0","0","0","0","0","0","0","0","0"
"15","LC-IR2ZZX-BM-Gar","430.97500","435.97500","D-Digital","High","12.5K","Off","Off","22221 Lombardia","Group Call","22221","IU2RKO","Always","Carrier","Off","1","1","1","Off","1","2","Lombardia DMR","None","Off","Off","Off","Off","Normal Encryption","Off","Off","Off","Off","251.1","1","Off","On","On","Off","Off","Off","1","0","Off","0","0","0","0","0","0","0","0","0","0","0"
"16","MI-IR2ZZZ-BM-Mil","430.96250","435.96250","D-Digital","High","12.5K","Off","Off","22221 Lombardia","Group Call","22221","IU2RKO","Always","Carrier","Off","1","1","1","Off","1","2","Lombardia DMR","None","Off","Off","Off","Off","Normal Encryption","Off","Off","Off","Off","251.1","1","Off","On","On","Off","Off","Off","1","0","Off","0","0","0","0","0","0","0","0","0","0","0"
"17","CO-IR2UBA-BM-Bol","430.71250","435.71250","D-Digital","High","12.5K","Off","Off","22221 Lombardia","Group Call","22221","IU2RKO","Always","Carrier","Off","1","1","1","Off","1","2","Lombardia DMR","None","Off","Off","Off","Off","Normal Encryption","Off","Off","Off","Off","251.1","1","Off","On","On","Off","Off","Off","1","0","Off","0","0","0","0","0","0","0","0","0","0","0"
"18","PV-IR2UDS-BM-Pen","431.37500","432.97500","D-Digital","High","12.5K","Off","Off","22221 Lombardia","Group Call","22221","IU2RKO","Always","Carrier","Off","1","1","1","Off","1","2","Lombardia DMR","None","Off","Off","Off","Off","Normal Encryption","Off","Off","Off","Off","251.1","1","Off","On","On","Off","Off","Off","1","0","Off","0","0","0","0","0","0","0","0","0","0","0"
"19","BS-U215-BS Vezza","432.68750","434.28750","D-Digital","High","12.5K","Off","Off","222112 EMERGENZA","Group Call","222112","IU2RKO","Always","Carrier","Off","1","1","1","Off","1","1","Lombardia DMR","None","Off","Off","Off","Off","Normal Encryption","Off","Off","Off","Off","251.1","1","Off","On","On","Off","Off","Off","1","0","Off","0","0","0","0","0","0","0","0","0","0","0"
"20","PC-IR2UDL-BM-Pia","430.67500","435.67500","D-Digital","High","12.5K","Off","Off","22221 Lombardia","Group Call","22221","IU2RKO","Always","Carrier","Off","1","1","1","Off","1","2","Lombardia DMR","None","Off","Off","Off","Off","Normal Encryption","Off","Off","Off","Off","251.1","1","Off","Off","On","Off","Off","Off","1","0","Off","0","1","0","0","0","0","0","0","0","0","0"
"21","PC-IR4ZZW-BM-Cos","431.43750","433.03750","D-Digital","High","12.5K","Off","Off","22221 Lombardia","Group Call","22221","IU2RKO","Always","Carrier","Off","1","1","1","Off","1","2","Lombardia DMR","None","Off","Off","Off","Off","Normal Encryption","Off","Off","Off","Off","251.1","1","Off","Off","On","Off","Off","Off","1","0","Off","0","1","0","0","0","0","0","0","0","0","0"
"22","BG-IR2CS-BM-Sarn","430.06250","431.66250","D-Digital","High","12.5K","Off","Off","22221 Lombardia","Group Call","22221","IU2RKO","Always","Carrier","Off","1","1","1","Off","1","2","Lombardia DMR","None","Off","Off","Off","Off","Normal Encryption","Off","Off","Off","Off","251.1","1","Off","Off","On","Off","Off","Off","1","0","Off","0","1","0","0","0","0","0","0","0","0","0"
"23","BG-IR2DP-BM-Mare","431.26250","432.86250","D-Digital","High","12.5K","Off","Off","22221 Lombardia","Group Call","22221","IU2RKO","Always","Carrier","Off","1","1","1","Off","1","2","Lombardia DMR","None","Off","Off","Off","Off","Normal Encryption","Off","Off","Off","Off","251.1","1","Off","Off","On","Off","Off","Off","1","0","Off","0","1","0","0","0","0","0","0","0","0","0"
"24","BG-IK2ILJ-BM-Bot","431.31250","432.91250","D-Digital","High","12.5K","Off","Off","22221 Lombardia","Group Call","22221","IU2RKO","Always","Carrier","Off","1","1","1","Off","1","2","Lombardia DMR","None","Off","Off","Off","Off","Normal Encryption","Off","Off","Off","Off","251.1","1","Off","Off","On","Off","Off","Off","1","0","Off","0","1","0","0","0","0","0","0","0","0","0"
"25","BG-IK2ILJ2-BM-Bo","431.31250","432.91250","D-Digital","High","12.5K","Off","Off","22221 Lombardia","Group Call","22221","IU2RKO","Always","Carrier","Off","1","1","1","Off","1","2","Lombardia DMR","None","Off","Off","Off","Off","Normal Encryption","Off","Off","Off","Off","251.1","1","Off","Off","On","Off","Off","Off","1","0","Off","0","1","0","0","0","0","0","0","0","0","0"
"26","BG-IR2UEW-BM-Alm","431.41250","433.01250","D-Digital","High","12.5K","Off","Off","22221 Lombardia","Group Call","22221","IU2RKO","Always","Carrier","Off","1","1","1","Off","1","2","Lombardia DMR","None","Off","Off","Off","Off","Normal Encryption","Off","Off","Off","Off","251.1","1","Off","Off","On","Off","Off","Off","1","0","Off","0","1","0","0","0","0","0","0","0","0","0"
"27","BG-IR2UFX-BM-MCr","431.53750","433.13750","D-Digital","High","12.5K","Off","Off","22221 Lombardia","Group Call","22221","IU2RKO","Always","Carrier","Off","1","1","1","Off","1","2","Lombardia DMR","None","Off","Off","Off","Off","Normal Encryption","Off","Off","Off","Off","251.1","1","Off","Off","On","Off","Off","Off","1","0","Off","0","1","0","0","0","0","0","0","0","0","0"
"28","BS-IR2CZ-BM-Cama","430.21250","431.81250","D-Digital","High","12.5K","Off","Off","22221 Lombardia","Group Call","22221","IU2RKO","Always","Carrier","Off","1","1","1","Off","1","2","Lombardia DMR","None","Off","Off","Off","Off","Normal Encryption","Off","Off","Off","Off","251.1","1","Off","Off","On","Off","Off","Off","1","0","Off","0","1","0","0","0","0","0","0","0","0","0"
"29","BS-IR2UCS-BM-Cam","430.25000","431.85000","D-Digital","High","12.5K","Off","Off","22221 Lombardia","Group Call","22221","IU2RKO","Always","Carrier","Off","1","1","1","Off","1","2","Lombardia DMR","None","Off","Off","Off","Off","Normal Encryption","Off","Off","Off","Off","251.1","1","Off","Off","On","Off","Off","Off","1","0","Off","0","1","0","0","0","0","0","0","0","0","0"
"30","ASPS UHF","432.50000","432.50000","A-Analog","High","25K","Off","Off","22221 Lombardia","Group Call","22221","IU2RKO","Off","Carrier","Off","1","1","1","Off","1","1","Lombardia DMR","None","Off","Off","Off","Off","Normal Encryption","Off","Off","Off","Off","251.1","1","Off","On","On","Start Of Transmission","Off","Analog","1","0","Off","0","0","0","0","0","0","0","0","0","0","0"
"31","BS-RU001-BS Edol","430.01250","431.61250","A-Analog","High","12.5K","Off","71.9","22221 Lombardia","Group Call","22221","IU2RKO","Off","Carrier","Off","1","1","1","Off","1","1","Lombardia DMR","None","Off","Off","Off","Off","Normal Encryption","Off","Off","Off","Off","251.1","1","Off","On","On","Off","Off","Off","1","0","Off","0","0","0","0","0","0","0","0","0","0","0"
"32","CO-Brunate 430","437.71250","433.71250","D-Digital","High","12.5K","156.7","156.7","22221 Lombardia","Group Call","22221","IU2RKO","Always","Carrier","Off","1","1","1","Off","1","1","Lombardia DMR","None","Off","Off","Off","Off","Normal Encryption","Off","Off","Off","Off","251.1","1","Off","On","On","Off","Off","Off","1","0","Off","0","0","0","0","0","0","0","0","0","0","0"
"33","BS-IR2UDK-BM-Ono","430.33750","431.93750","D-Digital","High","12.5K","Off","Off","22221 Lombardia","Group Call","22221","IU2RKO","Always","Carrier","Off","1","1","1","Off","1","2","Lombardia DMR","None","Off","Off","Off","Off","Normal Encryption","Off","Off","Off","Off","251.1","1","Off","Off","On","Off","Off","Off","1","0","Off","0","1","0","0","0","0","0","0","0","0","0"
"34","BS-IR2UDJ-BM-Orf","430.36250","431.96250","D-Digital","High","12.5K","Off","Off","22221 Lombardia","Group Call","22221","IU2RKO","Always","Carrier","Off","1","1","1","Off","1","2","Lombardia DMR","None","Off","Off","Off","Off","Normal Encryption","Off","Off","Off","Off","251.1","1","Off","Off","On","Off","Off","Off","1","0","Off","0","1","0","0","0","0","0","0","0","0","0"
"35","BS-IR2UFZ-BM-Cry","431.23750","432.83750","D-Digital","High","12.5K","Off","Off","22221 Lombardia","Group Call","22221","IU2RKO","Always","Carrier","Off","1","1","1","Off","1","2","Lombardia DMR","None","Off","Off","Off","Off","Normal Encryption","Off","Off","Off","Off","251.1","1","Off","Off","On","Off","Off","Off","1","0","Off","0","1","0","0","0","0","0","0","0","0","0"
"36","BS-IR2UFG-BM-Sal","431.38750","432.98750","D-Digital","High","12.5K","Off","Off","22221 Lombardia","Group Call","22221","IU2RKO","Always","Carrier","Off","1","1","1","Off","1","2","Lombardia DMR","None","Off","Off","Off","Off","Normal Encryption","Off","Off","Off","Off","251.1","1","Off","Off","On","Off","Off","Off","1","0","Off","0","1","0","0","0","0","0","0","0","0","0"
"37","CO-IR2UGV-BM-Gra","430.06250","431.66250","D-Digital","High","12.5K","Off","Off","22221 Lombardia","Group Call","22221","IU2RKO","Always","Carrier","Off","1","1","1","Off","1","2","Lombardia DMR","None","Off","Off","Off","Off","Normal Encryption","Off","Off","Off","Off","251.1","1","Off","Off","On","Off","Off","Off","1","0","Off","0","1","0","0","0","0","0","0","0","0","0"
"38","CO-IQ2DB-BM-Como","430.15000","431.75000","D-Digital","High","12.5K","Off","Off","22221 Lombardia","Group Call","22221","IU2RKO","Always","Carrier","Off","1","1","1","Off","1","2","Lombardia DMR","None","Off","Off","Off","Off","Normal Encryption","Off","Off","Off","Off","251.1","1","Off","Off","On","Off","Off","Off","1","0","Off","0","1","0","0","0","0","0","0","0","0","0"
"39","CO-IR2UBA-D+-Bol","430.71250","435.71250","D-Digital","High","12.5K","Off","Off","22221 Lombardia","Group Call","22221","IU2RKO","Always","Carrier","Off","1","1","1","Off","1","1","Lombardia DMR","None","Off","Off","Off","Off","Normal Encryption","Off","Off","Off","Off","251.1","1","Off","Off","On","Off","Off","Off","1","0","Off","0","1","0","0","0","0","0","0","0","0","0"
"40","CO-IR2UGQ-Bisbi0","431.36250","432.96250","D-Digital","High","12.5K","Off","Off","22221 Lombardia","Group Call","22221","IU2RKO","Always","Carrier","Off","1","1","1","Off","2","1","Lombardia DMR","None","Off","Off","Off","Off","Normal Encryption","Off","Off","Off","Off","251.1","1","Off","Off","On","Off","Off","Off","1","0","Off","0","1","0","0","0","0","0","0","0","0","0"
"41","PV-IR2UGB-BM-Sar","430.85000","435.85000","D-Digital","High","12.5K","Off","Off","22221 Lombardia","Group Call","22221","IU2RKO","Always","Carrier","Off","1","1","1","Off","1","2","Lombardia DMR","None","Off","Off","Off","Off","Normal Encryption","Off","Off","Off","Off","251.1","1","Off","Off","On","Off","Off","Off","1","0","Off","0","1","0","0","0","0","0","0","0","0","0"
"42","PV-IR2UGN-BM-Cas","431.40000","433.00000","D-Digital","High","12.5K","Off","Off","22221 Lombardia","Group Call","22221","IU2RKO","Always","Carrier","Off","1","1","1","Off","1","2","Lombardia DMR","None","Off","Off","Off","Off","Normal Encryption","Off","Off","Off","Off","251.1","1","Off","Off","On","Off","Off","Off","1","0","Off","0","1","0","0","0","0","0","0","0","0","0"
"43","VA-IR2UD-BM-Orsa","430.12500","431.72500","D-Digital","High","12.5K","Off","Off","22221 Lombardia","Group Call","22221","IU2RKO","Always","Carrier","Off","1","1","1","Off","1","2","Lombardia DMR","None","Off","Off","Off","Off","Normal Encryption","Off","Off","Off","Off","251.1","1","Off","Off","On","Off","Off","Off","1","0","Off","0","1","0","0","0","0","0","0","0","0","0"
"44","VA-IU2KBW-BM-Lav","431.00000","432.60000","D-Digital","High","12.5K","Off","Off","22221 Lombardia","Group Call","22221","IU2RKO","Always","Carrier","Off","1","1","1","Off","1","2","Lombardia DMR","None","Off","Off","Off","Off","Normal Encryption","Off","Off","Off","Off","251.1","1","Off","Off","On","Off","Off","Off","1","0","Off","0","1","0","0","0","0","0","0","0","0","0"
"45","VA-IQ2BJ-BM-Sass","431.55000","433.15000","D-Digital","High","12.5K","Off","Off","22221 Lombardia","Group Call","22221","IU2RKO","Always","Carrier","Off","1","1","1","Off","1","2","Lombardia DMR","None","Off","Off","Off","Off","Normal Encryption","Off","Off","Off","Off","251.1","1","Off","Off","On","Off","Off","Off","1","0","Off","0","1","0","0","0","0","0","0","0","0","0"
"46","VA-IK2DJV-BM-Var","434.95000","430.12500","D-Digital","High","12.5K","Off","Off","22221 Lombardia","Group Call","22221","IU2RKO","Always","Carrier","Off","1","1","1","Off","1","2","Lombardia DMR","None","Off","Off","Off","Off","Normal Encryption","Off","Off","Off","Off","251.1","1","Off","Off","On","Off","Off","Off","1","0","Off","0","1","0","0","0","0","0","0","0","0","0"
"47","AL-IR1ZZX-BM-Tor","430.41250","435.41250","D-Digital","High","12.5K","Off","Off","22221 Lombardia","Group Call","22221","IU2RKO","Always","Carrier","Off","1","1","1","Off","1","2","Lombardia DMR","None","Off","Off","Off","Off","Normal Encryption","Off","Off","Off","Off","251.1","1","Off","Off","On","Off","Off","Off","1","0","Off","0","1","0","0","0","0","0","0","0","0","0"
"48","AL-IZ1MLB-BM-Pad","430.68750","435.68750","D-Digital","High","12.5K","Off","Off","22221 Lombardia","Group Call","22221","IU2RKO","Always","Carrier","Off","1","1","1","Off","1","2","Lombardia DMR","None","Off","Off","Off","Off","Normal Encryption","Off","Off","Off","Off","251.1","1","Off","Off","On","Off","Off","Off","1","0","Off","0","1","0","0","0","0","0","0","0","0","0"
"49","AL-IR1UHF-BM-Cam","430.91250","435.91250","D-Digital","High","12.5K","Off","Off","22221 Lombardia","Group Call","22221","IU2RKO","Always","Carrier","Off","1","1","1","Off","1","2","Lombardia DMR","None","Off","Off","Off","Off","Normal Encryption","Off","Off","Off","Off","251.1","1","Off","Off","On","Off","Off","Off","1","0","Off","0","1","0","0","0","0","0","0","0","0","0"
"50","APRS VHF","144.80000","144.80000","A-Analog","High","12.5K","Off","Off","22221 Lombardia","Group Call","22221","IU2RKO","Off","Carrier","Off","1","1","1","Off","1","1","Lombardia DMR","None","Off","Off","Off","Off","Normal Encryption","Off","Off","Off","Off","251.1","1","Off","On","On","Start Of Transmission","Off","Analog","1","0","Off","0","0","0","0","0","0","0","0","0","0","0"
"51","VA-IR2DO-BM-Vene","145.77500","145.17500","D-Digital","High","12.5K","Off","Off","22221 Lombardia","Group Call","22221","IU2RKO","Always","Carrier","Off","1","1","1","Off","1","2","Lombardia DMR","None","Off","Off","Off","Off","Normal Encryption","Off","Off","Off","Off","251.1","1","Off","On","On","Off","Off","Off","1","0","Off","0","0","0","0","0","0","0","0","0","0","0"
"52","LC-IR2UDM-BM-Val","144.62500","145.98750","D-Digital","High","12.5K","Off","Off","22221 Lombardia","Group Call","22221","IU2RKO","Always","Carrier","Off","1","1","1","Off","1","2","Lombardia DMR","None","Off","Off","Off","Off","Normal Encryption","Off","Off","Off","Off","251.1","1","Off","On","On","Off","Off","Off","1","0","Off","0","0","0","0","0","0","0","0","0","0","0"
"53","CH-HB9DR-BM-Hint","439.56250","431.96250","D-Digital","High","12.5K","Off","Off","2286 Ticino","Group Call","2286","IU2RKO","Always","Carrier","Off","1","1","1","Off","2","2","Lombardia DMR","None","Off","Off","Off","Off","Normal Encryption","Off","Off","Off","Off","251.1","1","Off","Off","On","Off","Off","Off","1","0","Off","0","1","0","0","0","0","0","0","0","0","0"
"54","CH-HB9RL-BM-Cime","438.77500","431.17500","D-Digital","High","12.5K","Off","Off","2286 Ticino","Group Call","2286","IU2RKO","Always","Carrier","Off","1","1","1","Off","1","2","Lombardia DMR","None","Off","Off","Off","Off","Normal Encryption","Off","Off","Off","Off","251.1","1","Off","Off","On","Off","Off","Off","1","0","Off","0","1","0","0","0","0","0","0","0","0","0"
"55","CH-HB9DD-BM-Tama","438.46250","430.86250","D-Digital","High","12.5K","Off","Off","2286 Ticino","Group Call","2286","IU2RKO","Always","Carrier","Off","1","1","1","Off","1","2","Lombardia DMR","None","Off","Off","Off","Off","Normal Encryption","Off","Off","Off","Off","251.1","1","Off","Off","On","Off","Off","Off","1","0","Off","0","1","0","0","0","0","0","0","0","0","0"
"56","CH-HB9DD2-BM-Piz","438.43750","430.83750","D-Digital","High","12.5K","Off","Off","2286 Ticino","Group Call","2286","IU2RKO","Always","Carrier","Off","1","1","1","Off","2","2","Lombardia DMR","None","Off","Off","Off","Off","Normal Encryption","Off","Off","Off","Off","251.1","1","Off","Off","On","Off","Off","Off","1","0","Off","0","1","0","0","0","0","0","0","0","0","0"
"99","Hotspot 2140","432.00000","432.00000","D-Digital","Mid","12.5K","Off","Off","2140 Spain Link","Group Call","2140","IU2RKO","Always","Carrier","Off","1","1","1","Off","1","2","Lombardia DMR","None","Off","Off","Off","Off","Normal Encryption","Off","Off","Off","Off","251.1","1","Off","On","On","Off","Off","Off","1","0","Off","0","0","0","0","0","0","0","0","0","0","0"
"100","Hotspot 22221","432.00000","432.00000","D-Digital","Mid","12.5K","Off","Off","22221 Lombardia","Group Call","22221","IU2RKO","Always","Carrier","Off","1","1","1","Off","1","2","Lombardia DMR","None","Off","Off","Off","Off","Normal Encryption","Off","Off","Off","Off","251.1","1","Off","On","On","Off","Off","Off","1","0","Off","0","0","0","0","0","0","0","0","0","0","0"
"101","CO-IR2P-Maurizio","145.68750","145.08750","A-Analog","High","12.5K","Off","71.9","1 WWIDE","Group Call","1","IU2RKO","Off","Carrier","Off","1","1","1","Off","1","1","Lombardia FM","None","Off","Off","Off","Off","Normal Encryption","Off","Off","Off","Off","251.1","1","Off","On","On","Off","Off","Off","1","0","Off","0","0","0","0","0","0","0","0","0","0","0"
"102","CH-IR2G  M. Bole","145.78750","145.18750","A-Analog","High","12.5K","Off","71.9","1 WWIDE","Group Call","1","IU2RKO","Off","Carrier","Off","1","1","1","Off","1","1","Lombardia FM","None","Off","Off","Off","Off","Normal Encryption","Off","Off","Off","Off","251.1","1","Off","On","On","Off","Off","Off","1","0","Off","0","0","0","0","0","0","0","0","0","0","0"
"103","MI-IR2AA-Cernusc","145.75000","145.15000","A-Analog","High","12.5K","Off","71.9","1 WWIDE","Group Call","1","IU2RKO","Off","Carrier","Off","1","1","1","Off","1","1","Lombardia FM","None","Off","Off","Off","Off","Normal Encryption","Off","Off","Off","Off","251.1","1","Off","On","On","Off","Off","Off","1","0","Off","0","0","0","0","0","0","0","0","0","0","0"
"104","MI-IR2C-Grattaci","145.72500","145.12500","A-Analog","High","12.5K","Off","71.9","1 WWIDE","Group Call","1","IU2RKO","Off","Carrier","Off","1","1","1","Off","1","1","Lombardia FM","None","Off","Off","Off","Off","Normal Encryption","Off","Off","Off","Off","251.1","1","Off","On","On","Off","Off","Off","1","0","Off","0","0","0","0","0","0","0","0","0","0","0"
"105","CO-IR2I-Prasant0","145.66250","145.06250","A-Analog","High","12.5K","Off","71.9","1 WWIDE","Group Call","1","IU2RKO","Off","Carrier","Off","1","1","1","Off","1","1","Lombardia FM","None","Off","Off","Off","Off","Normal Encryption","Off","Off","Off","Off","251.1","1","Off","On","On","Off","Off","Off","1","0","Off","0","0","0","0","0","0","0","0","0","0","0"
"106","CO-IR2DL-Bisbino","145.71250","145.11250","A-Analog","High","12.5K","Off","71.9","1 WWIDE","Group Call","1","IU2RKO","Off","Carrier","Off","1","1","1","Off","1","1","Lombardia FM","None","Off","Off","Off","Off","Normal Encryption","Off","Off","Off","Off","251.1","1","Off","On","On","Off","Off","Off","1","0","Off","0","0","0","0","0","0","0","0","0","0","0"
"107","BG-IR2UK-Canto","145.60000","145.00000","A-Analog","High","12.5K","Off","71.9","1 WWIDE","Group Call","1","IU2RKO","Off","Carrier","Off","1","1","1","Off","1","1","Lombardia FM","None","Off","Off","Off","Off","Normal Encryption","Off","Off","Off","Off","251.1","1","Off","On","On","Off","Off","Off","1","0","Off","0","0","0","0","0","0","0","0","0","0","0"
"108","VA-IR2UEZ  Galla","145.58750","144.98750","A-Analog","High","12.5K","Off","156.7","1 WWIDE","Group Call","1","IU2RKO","Off","Carrier","Off","1","1","1","Off","1","1","Lombardia FM","None","Off","Off","Off","Off","Normal Encryption","Off","Off","Off","Off","251.1","1","Off","On","On","Off","Off","Off","1","0","Off","0","0","0","0","0","0","0","0","0","0","0"
"109","LC-IR2UED2-Valca","144.66500","144.06500","A-Analog","High","12.5K","Off","71.9","1 WWIDE","Group Call","1","IU2RKO","Off","Carrier","Off","1","1","1","Off","1","1","Lombardia FM","None","Off","Off","Off","Off","Normal Encryption","Off","Off","Off","Off","251.1","1","Off","On","On","Off","Off","Off","1","0","Off","0","0","0","0","0","0","0","0","0","0","0"
"110","VA-IR2D-Campodei","145.73750","145.13750","A-Analog","High","12.5K","Off","71.9","1 WWIDE","Group Call","1","IU2RKO","Off","Carrier","Off","1","1","1","Off","1","1","Lombardia FM","None","Off","Off","Off","Off","Normal Encryption","Off","Off","Off","Off","251.1","1","Off","On","On","Off","Off","Off","1","0","Off","0","0","0","0","0","0","0","0","0","0","0"
"111","BG-IR2F-Stezzano","145.70000","145.10000","A-Analog","High","12.5K","Off","71.9","1 WWIDE","Group Call","1","IU2RKO","Off","Carrier","Off","1","1","1","Off","1","1","Lombardia FM","None","Off","Off","Off","Off","Normal Encryption","Off","Off","Off","Off","251.1","1","Off","On","On","Off","Off","Off","1","0","Off","0","0","0","0","0","0","0","0","0","0","0"
"112","BG-IR2Z-Giovanni","145.78750","145.18750","A-Analog","High","12.5K","Off","156.7","1 WWIDE","Group Call","1","IU2RKO","Off","Carrier","Off","1","1","1","Off","1","1","Lombardia FM","None","Off","Off","Off","Off","Normal Encryption","Off","Off","Off","Off","251.1","1","Off","On","On","Off","Off","Off","1","0","Off","0","0","0","0","0","0","0","0","0","0","0"
"113","VA-IK2OVD Veneg","144.93750","144.93750","A-Analog","High","12.5K","Off","71.9","1 WWIDE","Group Call","1","IU2RKO","Off","Carrier","Off","1","1","1","Off","1","1","Lombardia FM","None","Off","Off","Off","Off","Normal Encryption","Off","Off","Off","Off","251.1","1","Off","On","On","Off","Off","Off","1","0","Off","0","0","0","0","0","0","0","0","0","0","0"
"114","BG-IR2AT Almen","144.57500","144.87500","A-Analog","High","12.5K","Off","71.9","1 WWIDE","Group Call","1","IU2RKO","Off","Carrier","Off","1","1","1","Off","1","1","Lombardia FM","None","Off","Off","Off","Off","Normal Encryption","Off","Off","Off","Off","251.1","1","Off","On","On","Off","Off","Off","1","0","Off","0","0","0","0","0","0","0","0","0","0","0"
"115","BG-IR2CN Canto","145.58750","145.88750","A-Analog","High","12.5K","Off","Off","1 WWIDE","Group Call","1","IU2RKO","Off","Carrier","Off","1","1","1","Off","1","1","Lombardia FM","None","Off","Off","Off","Off","Normal Encryption","Off","Off","Off","Off","251.1","1","Off","On","On","Off","Off","Off","1","0","Off","0","0","0","0","0","0","0","0","0","0","0"
"116","PV-IR2DK Cassol","144.72500","144.72500","A-Analog","High","12.5K","Off","Off","1 WWIDE","Group Call","1","IU2RKO","Off","Carrier","Off","1","1","1","Off","1","1","Lombardia FM","None","Off","Off","Off","Off","Normal Encryption","Off","Off","Off","Off","251.1","1","Off","On","On","Off","Off","Off","1","0","Off","0","0","0","0","0","0","0","0","0","0","0"
"117","MI-IR2UFE Melzo","144.60000","144.60000","A-Analog","High","12.5K","Off","71.9","1 WWIDE","Group Call","1","IU2RKO","Off","Carrier","Off","1","1","1","Off","1","1","Lombardia FM","None","Off","Off","Off","Off","Normal Encryption","Off","Off","Off","Off","251.1","1","Off","On","On","Off","Off","Off","1","0","Off","0","0","0","0","0","0","0","0","0","0","0"
"118","MI-IR2UFV Bolla","144.86250","144.86250","A-Analog","High","12.5K","Off","Off","1 WWIDE","Group Call","1","IU2RKO","Off","Carrier","Off","1","1","1","Off","1","1","Lombardia FM","None","Off","Off","Off","Off","Normal Encryption","Off","Off","Off","Off","251.1","1","Off","On","On","Off","Off","Off","1","0","Off","0","0","0","0","0","0","0","0","0","0","0"
"119","IU2CFY","144.90000","144.90000","A-Analog","High","12.5K","Off","Off","1 WWIDE","Group Call","1","IU2RKO","Off","Carrier","Off","1","1","1","Off","1","1","Lombardia FM","None","Off","Off","Off","Off","Normal Encryption","Off","Off","Off","Off","251.1","1","Off","On","On","Off","Off","Off","1","0","Off","0","0","0","0","0","0","0","0","0","0","0"
"120","MI-IU2EZO Milano","144.51250","144.51250","A-Analog","High","12.5K","Off","88.5","1 WWIDE","Group Call","1","IU2RKO","Off","Carrier","Off","1","1","1","Off","1","1","Lombardia FM","None","Off","Off","Off","Off","Normal Encryption","Off","Off","Off","Off","251.1","1","Off","On","On","Off","Off","Off","1","0","Off","0","0","0","0","0","0","0","0","0","0","0"
"121","BG-IU2NAF SottoM","145.60000","145.00000","A-Analog","High","12.5K","Off","Off","1 WWIDE","Group Call","1","IU2RKO","Off","Carrier","Off","1","1","1","Off","1","1","Lombardia FM","None","Off","Off","Off","Off","Normal Encryption","Off","Off","Off","Off","251.1","1","Off","On","On","Off","Off","Off","1","0","Off","0","0","0","0","0","0","0","0","0","0","0"
"122","LC-IW2HNB Cremen","145.33750","145.33750","A-Analog","High","12.5K","Off","71.9","1 WWIDE","Group Call","1","IU2RKO","Off","Carrier","Off","1","1","1","Off","1","1","Lombardia FM","None","Off","Off","Off","Off","Normal Encryption","Off","Off","Off","Off","251.1","1","Off","On","On","Off","Off","Off","1","0","Off","0","0","0","0","0","0","0","0","0","0","0"
"123","MI-IW2LGC Bucci","144.58750","144.58750","A-Analog","High","12.5K","Off","71.9","1 WWIDE","Group Call","1","IU2RKO","Off","Carrier","Off","1","1","1","Off","1","1","Lombardia FM","None","Off","Off","Off","Off","Normal Encryption","Off","Off","Off","Off","251.1","1","Off","On","On","Off","Off","Off","1","0","Off","0","0","0","0","0","0","0","0","0","0","0"
"124","MI-IWLGC2 Bucci","144.85000","144.85000","A-Analog","High","12.5K","Off","Off","1 WWIDE","Group Call","1","IU2RKO","Off","Carrier","Off","1","1","1","Off","1","1","Lombardia FM","None","Off","Off","Off","Off","Normal Encryption","Off","Off","Off","Off","251.1","1","Off","On","On","Off","Off","Off","1","0","Off","0","0","0","0","0","0","0","0","0","0","0"
"125","MI-IW2NBW Boffa","144.63750","144.63750","A-Analog","High","12.5K","Off","Off","1 WWIDE","Group Call","1","IU2RKO","Off","Carrier","Off","1","1","1","Off","1","1","Lombardia FM","None","Off","Off","Off","Off","Normal Encryption","Off","Off","Off","Off","251.1","1","Off","On","On","Off","Off","Off","1","0","Off","0","0","0","0","0","0","0","0","0","0","0"
"126","MI-IZ2KGH Arona","144.67500","144.67500","A-Analog","High","12.5K","Off","Off","1 WWIDE","Group Call","1","IU2RKO","Off","Carrier","Off","1","1","1","Off","1","1","Lombardia FM","None","Off","Off","Off","Off","Normal Encryption","Off","Off","Off","Off","251.1","1","Off","On","On","Off","Off","Off","1","0","Off","0","0","0","0","0","0","0","0","0","0","0"
"127","PV-IZ2EVE Cassol","144.72500","144.72500","A-Analog","High","12.5K","Off","Off","1 WWIDE","Group Call","1","IU2RKO","Off","Carrier","Off","1","1","1","Off","1","1","Lombardia FM","None","Off","Off","Off","Off","Normal Encryption","Off","Off","Off","Off","251.1","1","Off","On","On","Off","Off","Off","1","0","Off","0","0","0","0","0","0","0","0","0","0","0"
"128","BG-IZ2GLU Zogno","144.55000","144.55000","A-Analog","High","12.5K","Off","Off","1 WWIDE","Group Call","1","IU2RKO","Off","Carrier","Off","1","1","1","Off","1","1","Lombardia FM","None","Off","Off","Off","Off","Normal Encryption","Off","Off","Off","Off","251.1","1","Off","On","On","Off","Off","Off","1","0","Off","0","0","0","0","0","0","0","0","0","0","0"
"129","CO-IR2I-Prasanto","145.66250","145.66250","A-Analog","High","12.5K","Off","Off","1 WWIDE","Group Call","1","IU2RKO","Off","Carrier","Off","1","1","1","Off","1","1","Lombardia FM","None","Off","Off","Off","Off","Normal Encryption","Off","Off","Off","Off","251.1","1","Off","On","On","Off","Off","Off","1","0","Off","0","0","0","0","0","0","0","0","0","0","0"
"130","CO-V151-Pigra","144.87500","144.87500","A-Analog","High","12.5K","Off","156.7","1 WWIDE","Group Call","1","IU2RKO","Off","Carrier","Off","1","1","1","Off","1","1","Lombardia FM","None","Off","Off","Off","Off","Normal Encryption","Off","Off","Off","Off","251.1","1","Off","On","On","Off","Off","Off","1","0","Off","0","0","0","0","0","0","0","0","0","0","0"
"131","CO-V28-PigraVall","145.35000","145.35000","A-Analog","High","12.5K","Off","156.7","1 WWIDE","Group Call","1","IU2RKO","Off","Carrier","Off","1","1","1","Off","1","1","Lombardia FM","None","Off","Off","Off","Off","Normal Encryption","Off","Off","Off","Off","251.1","1","Off","On","On","Off","Off","Off","1","0","Off","0","0","0","0","0","0","0","0","0","0","0"
"132","CH-HB9DD3 Mendr","145.63750","145.03750","A-Analog","High","12.5K","Off","Off","1 WWIDE","Group Call","1","IU2RKO","Off","Carrier","Off","1","1","1","Off","1","1","Lombardia FM","None","Off","Off","Off","Off","Normal Encryption","Off","Off","Off","Off","251.1","1","Off","On","On","Off","Off","Off","1","0","Off","0","0","0","0","0","0","0","0","0","0","0"
"133","CH-HB9OK-BM-Posc","145.62500","145.02500","A-Analog","High","12.5K","Off","103.5","2286 Ticino","Group Call","2286","IU2RKO","Off","Carrier","Off","1","1","1","Off","1","2","Lombardia FM","None","Off","Off","Off","Off","Normal Encryption","Off","Off","Off","Off","251.1","1","Off","On","On","Off","Off","Off","1","0","Off","0","0","0","0","0","0","0","0","0","0","0"
"134","PC-IR4UBM-Bettol","431.27500","432.87500","A-Analog","High","12.5K","Off","77.0","2286 Ticino","Group Call","2286","IU2RKO","Off","Carrier","Off","1","1","1","Off","1","2","Lombardia FM","None","Off","Off","Off","Off","Normal Encryption","Off","Off","Off","Off","251.1","1","Off","Off","On","Off","Off","Off","1","0","Off","0","1","0","0","0","0","0","0","0","0","0"
"135","BG-IR2UFC-Pora","144.65000","144.65000","A-Analog","High","12.5K","Off","71.9","1 WWIDE","Group Call","1","IU2RKO","Off","Carrier","Off","1","1","1","Off","1","1","Lombardia FM","None","Off","Off","Off","Off","Normal Encryption","Off","Off","Off","Off","251.1","1","Off","Off","On","Off","Off","Off","1","0","Off","0","1","0","0","0","0","0","0","0","0","0"
"136","BG-IR2UF-Bergamo","430.15000","431.75000","A-Analog","High","12.5K","Off","Off","1 WWIDE","Group Call","1","IU2RKO","Off","Carrier","Off","1","1","1","Off","1","1","Lombardia FM","None","Off","Off","Off","Off","Normal Encryption","Off","Off","Off","Off","251.1","1","Off","Off","On","Off","Off","Off","1","0","Off","0","1","0","0","0","0","0","0","0","0","0"
"137","BG-IR2UDC-Falecc","430.16250","431.76250","A-Analog","High","12.5K","Off","Off","1 WWIDE","Group Call","1","IU2RKO","Off","Carrier","Off","1","1","1","Off","1","1","Lombardia FM","None","Off","Off","Off","Off","Normal Encryption","Off","Off","Off","Off","251.1","1","Off","Off","On","Off","Off","Off","1","0","Off","0","1","0","0","0","0","0","0","0","0","0"
"138","BG-IR2UCI-Almenn","430.20000","431.80000","A-Analog","High","12.5K","Off","71.9","1 WWIDE","Group Call","1","IU2RKO","Off","Carrier","Off","1","1","1","Off","1","1","Lombardia FM","None","Off","Off","Off","Off","Normal Encryption","Off","Off","Off","Off","251.1","1","Off","Off","On","Off","Off","Off","1","0","Off","0","1","0","0","0","0","0","0","0","0","0"
"139","BG-RU026-Roncola","430.32500","431.92500","A-Analog","High","12.5K","Off","71.9","1 WWIDE","Group Call","1","IU2RKO","Off","Carrier","Off","1","1","1","Off","1","1","Lombardia FM","None","Off","Off","Off","Off","Normal Encryption","Off","Off","Off","Off","251.1","1","Off","Off","On","Off","Off","Off","1","0","Off","0","1","0","0","0","0","0","0","0","0","0"
"140","BG-RU100-Roncola","431.25000","432.85000","A-Analog","High","12.5K","Off","71.9","1 WWIDE","Group Call","1","IU2RKO","Off","Carrier","Off","1","1","1","Off","1","1","Lombardia FM","None","Off","Off","Off","Off","Normal Encryption","Off","Off","Off","Off","251.1","1","Off","Off","On","Off","Off","Off","1","0","Off","0","1","0","0","0","0","0","0","0","0","0"
"141","BG-IK2ILJ-Bottan","431.31250","432.91250","A-Analog","High","12.5K","Off","71.9","1 WWIDE","Group Call","1","IU2RKO","Off","Carrier","Off","1","1","1","Off","1","1","Lombardia FM","None","Off","Off","Off","Off","Normal Encryption","Off","Off","Off","Off","251.1","1","Off","Off","On","Off","Off","Off","1","0","Off","0","1","0","0","0","0","0","0","0","0","0"
"142","BG-IR2UED-Valcav","431.50000","433.10000","A-Analog","High","12.5K","Off","71.9","1 WWIDE","Group Call","1","IU2RKO","Off","Carrier","Off","1","1","1","Off","1","1","Lombardia FM","None","Off","Off","Off","Off","Normal Encryption","Off","Off","Off","Off","251.1","1","Off","Off","On","Off","Off","Off","1","0","Off","0","1","0","0","0","0","0","0","0","0","0"
"143","BG-IR2UK2-Canto","431.67500","430.07500","A-Analog","High","12.5K","Off","Off","1 WWIDE","Group Call","1","IU2RKO","Off","Carrier","Off","1","1","1","Off","1","1","Lombardia FM","None","Off","Off","Off","Off","Normal Encryption","Off","Off","Off","Off","251.1","1","Off","Off","On","Off","Off","Off","1","0","Off","0","1","0","0","0","0","0","0","0","0","0"
"144","BG-U438-Pora","435.47500","431.10000","A-Analog","High","12.5K","Off","167.9","1 WWIDE","Group Call","1","IU2RKO","Off","Carrier","Off","1","1","1","Off","1","1","Lombardia FM","None","Off","Off","Off","Off","Normal Encryption","Off","Off","Off","Off","251.1","1","Off","Off","On","Off","Off","Off","1","0","Off","0","1","0","0","0","0","0","0","0","0","0"
"145","BS-V17-Darfo","145.21250","145.21250","A-Analog","High","12.5K","Off","71.9","1 WWIDE","Group Call","1","IU2RKO","Off","Carrier","Off","1","1","1","Off","1","1","Lombardia FM","None","Off","Off","Off","Off","Normal Encryption","Off","Off","Off","Off","251.1","1","Off","Off","On","Off","Off","Off","1","0","Off","0","1","0","0","0","0","0","0","0","0","0"
"146","BS-RU003-Maddale","430.03750","431.63750","A-Analog","High","12.5K","Off","71.9","1 WWIDE","Group Call","1","IU2RKO","Off","Carrier","Off","1","1","1","Off","1","1","Lombardia FM","None","Off","Off","Off","Off","Normal Encryption","Off","Off","Off","Off","251.1","1","Off","Off","On","Off","Off","Off","1","0","Off","0","1","0","0","0","0","0","0","0","0","0"
"147","BS-IR2UAZ-Guglie","430.27500","431.87500","A-Analog","High","12.5K","Off","71.9","1 WWIDE","Group Call","1","IU2RKO","Off","Carrier","Off","1","1","1","Off","1","1","Lombardia FM","None","Off","Off","Off","Off","Normal Encryption","Off","Off","Off","Off","251.1","1","Off","Off","On","Off","Off","Off","1","0","Off","0","1","0","0","0","0","0","0","0","0","0"
"148","BS-U409-Darfo","435.11250","435.11250","A-Analog","High","12.5K","Off","71.9","1 WWIDE","Group Call","1","IU2RKO","Off","Carrier","Off","1","1","1","Off","1","1","Lombardia FM2","None","Off","Off","Off","Off","Normal Encryption","Off","Off","Off","Off","251.1","1","Off","Off","On","Off","Off","Off","1","0","Off","0","1","0","0","0","0","0","0","0","0","0"
"149","CO-IR2UG-Maurizi","430.02500","431.62500","A-Analog","High","12.5K","Off","156.7","1 WWIDE","Group Call","1","IU2RKO","Off","Carrier","Off","1","1","1","Off","1","1","Lombardia FM2","None","Off","Off","Off","Off","Normal Encryption","Off","Off","Off","Off","251.1","1","Off","Off","On","Off","Off","Off","1","0","Off","0","1","0","0","0","0","0","0","0","0","0"
"150","CO-IR2UGQ-Bisbin","431.36250","432.96250","A-Analog","High","12.5K","Off","71.9","1 WWIDE","Group Call","1","IU2RKO","Off","Carrier","Off","1","1","1","Off","1","1","Lombardia FM2","None","Off","Off","Off","Off","Normal Encryption","Off","Off","Off","Off","251.1","1","Off","Off","On","Off","Off","Off","1","0","Off","0","1","0","0","0","0","0","0","0","0","0"
"151","CO-U281-Pigra","433.51250","433.51250","A-Analog","High","12.5K","Off","156.7","1 WWIDE","Group Call","1","IU2RKO","Off","Carrier","Off","1","1","1","Off","1","1","Lombardia FM2","None","Off","Off","Off","Off","Normal Encryption","Off","Off","Off","Off","251.1","1","Off","Off","On","Off","Off","Off","1","0","Off","0","1","0","0","0","0","0","0","0","0","0"
"152","CO-U281-2-PigraV","433.51250","433.51250","A-Analog","High","12.5K","Off","156.7","1 WWIDE","Group Call","1","IU2RKO","Off","Carrier","Off","1","1","1","Off","1","1","Lombardia FM2","None","Off","Off","Off","Off","Normal Encryption","Off","Off","Off","Off","251.1","1","Off","Off","On","Off","Off","Off","1","0","Off","0","1","0","0","0","0","0","0","0","0","0"
"153","CO-U457-Maurizio","435.71250","431.71250","A-Analog","High","12.5K","Off","156.7","1 WWIDE","Group Call","1","IU2RKO","Off","Carrier","Off","1","1","1","Off","1","1","Lombardia FM2","None","Off","Off","Off","Off","Normal Encryption","Off","Off","Off","Off","251.1","1","Off","Off","On","Off","Off","Off","1","0","Off","0","1","0","0","0","0","0","0","0","0","0"
"154","LC-IR2UDG-Valcav","430.07500","431.67500","A-Analog","High","12.5K","Off","71.9","1 WWIDE","Group Call","1","IU2RKO","Off","Carrier","Off","1","1","1","Off","1","1","Lombardia FM2","None","Off","Off","Off","Off","Normal Encryption","Off","Off","Off","Off","251.1","1","Off","Off","On","Off","Off","Off","1","0","Off","0","1","0","0","0","0","0","0","0","0","0"
"155","MB-U286-Lesmo","433.57500","433.57500","A-Analog","High","12.5K","Off","Off","1 WWIDE","Group Call","1","IU2RKO","Off","Carrier","Off","1","1","1","Off","1","1","Lombardia FM2","None","Off","Off","Off","Off","Normal Encryption","Off","Off","Off","Off","251.1","1","Off","Off","On","Off","Off","Off","1","0","Off","0","1","0","0","0","0","0","0","0","0","0"
"156","MI-IR2UM-Grattac","430.17500","431.77500","A-Analog","High","12.5K","Off","71.9","1 WWIDE","Group Call","1","IU2RKO","Off","Carrier","Off","1","1","1","Off","1","1","Lombardia FM2","None","Off","Off","Off","Off","Normal Encryption","Off","Off","Off","Off","251.1","1","Off","Off","On","Off","Off","Off","1","0","Off","0","1","0","0","0","0","0","0","0","0","0"
"157","MI-IU2PJI-Polite","430.21250","437.81250","A-Analog","High","12.5K","Off","156.7","1 WWIDE","Group Call","1","IU2RKO","Off","Carrier","Off","1","1","1","Off","1","1","Lombardia FM2","None","Off","Off","Off","Off","Normal Encryption","Off","Off","Off","Off","251.1","1","Off","Off","On","Off","Off","Off","1","0","Off","0","1","0","0","0","0","0","0","0","0","0"
"158","MI-IZ2AIZ-Milano","430.26250","435.26250","A-Analog","High","12.5K","Off","71.9","1 WWIDE","Group Call","1","IU2RKO","Off","Carrier","Off","1","1","1","Off","1","1","Lombardia FM2","None","Off","Off","Off","Off","Normal Encryption","Off","Off","Off","Off","251.1","1","Off","Off","On","Off","Off","Off","1","0","Off","0","1","0","0","0","0","0","0","0","0","0"
"159","MI-IR2UGW-Milano","430.28750","437.88750","A-Analog","High","12.5K","Off","71.9","1 WWIDE","Group Call","1","IU2RKO","Off","Carrier","Off","1","1","1","Off","1","1","Lombardia FM2","None","Off","Off","Off","Off","Normal Encryption","Off","Off","Off","Off","251.1","1","Off","Off","On","Off","Off","Off","1","0","Off","0","1","0","0","0","0","0","0","0","0","0"
"160","MI-IR2UEH-Magent","430.31250","431.91250","A-Analog","High","12.5K","Off","71.9","1 WWIDE","Group Call","1","IU2RKO","Off","Carrier","Off","1","1","1","Off","1","1","Lombardia FM2","None","Off","Off","Off","Off","Normal Encryption","Off","Off","Off","Off","251.1","1","Off","Off","On","Off","Off","Off","1","0","Off","0","1","0","0","0","0","0","0","0","0","0"
"161","MI-IU2CIQ-Gratta","431.23750","432.83750","A-Analog","High","12.5K","Off","100.0","1 WWIDE","Group Call","1","IU2RKO","Off","Carrier","Off","1","1","1","Off","1","1","Lombardia FM2","None","Off","Off","Off","Off","Normal Encryption","Off","Off","Off","Off","251.1","1","Off","Off","On","Off","Off","Off","1","0","Off","0","1","0","0","0","0","0","0","0","0","0"
"162","PV-IR4P-Penice","145.65000","145.05000","A-Analog","High","12.5K","Off","156.7","1 WWIDE","Group Call","1","IU2RKO","Off","Carrier","Off","1","1","1","Off","1","1","Lombardia FM2","None","Off","Off","Off","Off","Normal Encryption","Off","Off","Off","Off","251.1","1","Off","Off","On","Off","Off","Off","1","0","Off","0","1","0","0","0","0","0","0","0","0","0"
"163","PV-IR4UC-Penice","430.07500","431.67500","A-Analog","High","12.5K","Off","156.7","1 WWIDE","Group Call","1","IU2RKO","Off","Carrier","Off","1","1","1","Off","1","1","Lombardia FM2","None","Off","Off","Off","Off","Normal Encryption","Off","Off","Off","Off","251.1","1","Off","Off","On","Off","Off","Off","1","0","Off","0","1","0","0","0","0","0","0","0","0","0"
"164","PV-RU020-Penice","430.25000","431.85000","A-Analog","High","12.5K","Off","71.9","1 WWIDE","Group Call","1","IU2RKO","Off","Carrier","Off","1","1","1","Off","1","1","Lombardia FM2","None","Off","Off","Off","Off","Normal Encryption","Off","Off","Off","Off","251.1","1","Off","Off","On","Off","Off","Off","1","0","Off","0","1","0","0","0","0","0","0","0","0","0"
"165","PV-IR2UDU-Penice","431.30000","432.90000","A-Analog","High","12.5K","Off","71.9","1 WWIDE","Group Call","1","IU2RKO","Off","Carrier","Off","1","1","1","Off","1","1","Lombardia FM2","None","Off","Off","Off","Off","Normal Encryption","Off","Off","Off","Off","251.1","1","Off","Off","On","Off","Off","Off","1","0","Off","0","1","0","0","0","0","0","0","0","0","0"
"166","SO-V137-Morbegno","144.70000","144.70000","A-Analog","High","12.5K","Off","Off","1 WWIDE","Group Call","1","IU2RKO","Off","Carrier","Off","1","1","1","Off","1","1","Lombardia FM2","None","Off","Off","Off","Off","Normal Encryption","Off","Off","Off","Off","251.1","1","Off","Off","On","Off","Off","Off","1","0","Off","0","1","0","0","0","0","0","0","0","0","0"
"167","SO-RU020-2-Gordo","430.25000","435.25000","A-Analog","High","12.5K","Off","71.9","1 WWIDE","Group Call","1","IU2RKO","Off","Carrier","Off","1","1","1","Off","1","1","Lombardia FM2","None","Off","Off","Off","Off","Normal Encryption","Off","Off","Off","Off","251.1","1","Off","Off","On","Off","Off","Off","1","0","Off","0","1","0","0","0","0","0","0","0","0","0"
"168","SO-IR2UGT-Madesi","430.25000","435.25000","A-Analog","High","12.5K","Off","71.9","1 WWIDE","Group Call","1","IU2RKO","Off","Carrier","Off","1","1","1","Off","1","1","Lombardia FM2","None","Off","Off","Off","Off","Normal Encryption","Off","Off","Off","Off","251.1","1","Off","Off","On","Off","Off","Off","1","0","Off","0","1","0","0","0","0","0","0","0","0","0"
"169","SO-RU022-Civo","430.27500","435.27500","A-Analog","High","12.5K","Off","71.9","1 WWIDE","Group Call","1","IU2RKO","Off","Carrier","Off","1","1","1","Off","1","1","Lombardia FM2","None","Off","Off","Off","Off","Normal Encryption","Off","Off","Off","Off","251.1","1","Off","Off","On","Off","Off","Off","1","0","Off","0","1","0","0","0","0","0","0","0","0","0"
"170","VA-IQ2BJ-Sassode","431.55000","433.15000","A-Analog","High","12.5K","Off","71.9","1 WWIDE","Group Call","1","IU2RKO","Off","Carrier","Off","1","1","1","Off","1","1","Lombardia FM2","None","Off","Off","Off","Off","Normal Encryption","Off","Off","Off","Off","251.1","1","Off","Off","On","Off","Off","Off","1","0","Off","0","1","0","0","0","0","0","0","0","0","0"
"171","VA-RU125-SacroMo","431.56250","433.16250","A-Analog","High","12.5K","Off","71.9","1 WWIDE","Group Call","1","IU2RKO","Off","Carrier","Off","1","1","1","Off","1","1","Lombardia FM2","None","Off","Off","Off","Off","Normal Encryption","Off","Off","Off","Off","251.1","1","Off","Off","On","Off","Off","Off","1","0","Off","0","1","0","0","0","0","0","0","0","0","0"
"172","AL-RU118-Bassign","431.47500","433.07500","A-Analog","High","12.5K","Off","82.5","1 WWIDE","Group Call","1","IU2RKO","Off","Carrier","Off","1","1","1","Off","1","1","Lombardia FM2","None","Off","Off","Off","Off","Normal Encryption","Off","Off","Off","Off","251.1","1","Off","Off","On","Off","Off","Off","1","0","Off","0","1","0","0","0","0","0","0","0","0","0"
"173","NO-RU127-Ara","431.58750","433.18750","A-Analog","High","12.5K","Off","94.8","1 WWIDE","Group Call","1","IU2RKO","Off","Carrier","Off","1","1","1","Off","1","1","Lombardia FM2","None","Off","Off","Off","Off","Normal Encryption","Off","Off","Off","Off","251.1","1","Off","Off","On","Off","Off","Off","1","0","Off","0","1","0","0","0","0","0","0","0","0","0"
"174","VB-IR1P-Mottaron","145.61250","145.01250","A-Analog","High","12.5K","Off","127.3","1 WWIDE","Group Call","1","IU2RKO","Off","Carrier","Off","1","1","1","Off","1","1","Lombardia FM2","None","Off","Off","Off","Off","Normal Encryption","Off","Off","Off","Off","251.1","1","Off","Off","On","Off","Off","Off","1","0","Off","0","1","0","0","0","0","0","0","0","0","0"
"175","VB-IR1CM-Mottaro","145.76250","145.16250","A-Analog","High","12.5K","Off","88.5","1 WWIDE","Group Call","1","IU2RKO","Off","Carrier","Off","1","1","1","Off","1","1","Lombardia FM2","None","Off","Off","Off","Off","Normal Encryption","Off","Off","Off","Off","251.1","1","Off","Off","On","Off","Off","Off","1","0","Off","0","1","0","0","0","0","0","0","0","0","0"
"176","VB-IR1UGX-Tronta","430.02500","431.62500","A-Analog","High","12.5K","Off","82.5","1 WWIDE","Group Call","1","IU2RKO","Off","Carrier","Off","1","1","1","Off","1","1","Lombardia FM2","None","Off","Off","Off","Off","Normal Encryption","Off","Off","Off","Off","251.1","1","Off","Off","On","Off","Off","Off","1","0","Off","0","1","0","0","0","0","0","0","0","0","0"
"177","VB-IR1UCQ-Mottar","430.16250","431.76250","A-Analog","High","12.5K","Off","127.3","1 WWIDE","Group Call","1","IU2RKO","Off","Carrier","Off","1","1","1","Off","1","1","Lombardia FM2","None","Off","Off","Off","Off","Normal Encryption","Off","Off","Off","Off","251.1","1","Off","Off","On","Off","Off","Off","1","0","Off","0","1","0","0","0","0","0","0","0","0","0"
"178","VB-IR1UGD-Moncuc","430.21250","431.81250","A-Analog","High","12.5K","Off","127.3","1 WWIDE","Group Call","1","IU2RKO","Off","Carrier","Off","1","1","1","Off","1","1","Lombardia FM2","None","Off","Off","Off","Off","Normal Encryption","Off","Off","Off","Off","251.1","1","Off","Off","On","Off","Off","Off","1","0","Off","0","1","0","0","0","0","0","0","0","0","0"
"179","VB-IR1UGW-Mottar","431.52500","433.12500","A-Analog","High","12.5K","Off","67.0","1 WWIDE","Group Call","1","IU2RKO","Off","Carrier","Off","1","1","1","Off","1","1","Lombardia FM2","None","Off","Off","Off","Off","Normal Encryption","Off","Off","Off","Off","251.1","1","Off","Off","On","Off","Off","Off","1","0","Off","0","1","0","0","0","0","0","0","0","0","0"
"180","VB-IR1UIX-Mottar","431.60000","437.95000","A-Analog","High","12.5K","Off","131.8","1 WWIDE","Group Call","1","IU2RKO","Off","Carrier","Off","1","1","1","Off","1","1","Lombardia FM2","None","Off","Off","Off","Off","Normal Encryption","Off","Off","Off","Off","251.1","1","Off","Off","On","Off","Off","Off","1","0","Off","0","1","0","0","0","0","0","0","0","0","0"
"181","CH-HB9H-TamaroGa","145.76250","145.16250","A-Analog","High","12.5K","Off","103.5","2286 Ticino","Group Call","2286","IU2RKO","Off","Carrier","Off","1","1","1","Off","1","1","Lombardia FM2","None","Off","Off","Off","Off","Normal Encryption","Off","Off","Off","Off","251.1","1","Off","Off","On","Off","Off","Off","1","0","Off","0","1","0","0","0","0","0","0","0","0","0"
"182","CH-HB9DD-BM-Gene","438.43750","430.83750","D-Digital","High","12.5K","Off","Off","2286 Ticino","Group Call","2286","IU2RKO","Always","Carrier","Off","1","1","1","Off","2","2","Lombardia DMR","None","Off","Off","Off","Off","Normal Encryption","Off","Off","Off","Off","251.1","1","Off","Off","On","Off","Off","Off","1","0","Off","0","1","0","0","0","0","0","0","0","0","0"
"183","CH-HB9EI2-Bar","438.67500","431.07500","A-Analog","High","12.5K","Off","103.5","2286 Ticino","Group Call","2286","IU2RKO","Off","Carrier","Off","1","1","1","Off","1","1","Lombardia FM2","None","Off","Off","Off","Off","Normal Encryption","Off","Off","Off","Off","251.1","1","Off","Off","On","Off","Off","Off","1","0","Off","0","1","0","0","0","0","0","0","0","0","0"
"184","CH-HB9DD2-Genero","439.48750","431.98750","A-Analog","High","12.5K","Off","103.5","2286 Ticino","Group Call","2286","IU2RKO","Off","Carrier","Off","1","1","1","Off","1","1","Lombardia FM2","None","Off","Off","Off","Off","Normal Encryption","Off","Off","Off","Off","251.1","1","Off","Off","On","Off","Off","Off","1","0","Off","0","1","0","0","0","0","0","0","0","0","0"
"185","CH-HB9DD4-Biasca","145.57500","144.97500","A-Analog","High","12.5K","Off","203.5","2286 Ticino","Group Call","2286","IU2RKO","Off","Carrier","Off","1","1","1","Off","1","1","Lombardia FM2","None","Off","Off","Off","Off","Normal Encryption","Off","Off","Off","Off","251.1","1","Off","Off","On","Off","Off","Off","1","0","Off","0","1","0","0","0","0","0","0","0","0","0"
"186","CH-HB9EI3-ValScu","439.42500","431.82500","A-Analog","High","12.5K","Off","103.5","2286 Ticino","Group Call","2286","IU2RKO","Off","Carrier","Off","1","1","1","Off","1","1","Lombardia FM2","None","Off","Off","Off","Off","Normal Encryption","Off","Off","Off","Off","251.1","1","Off","Off","On","Off","Off","Off","1","0","Off","0","1","0","0","0","0","0","0","0","0","0"
"187","MI-IR2UBX-Lomazz","432.52500","432.52500","A-Analog","High","12.5K","71.9","Off","1 WWIDE","Group Call","1","IU2RKO","Off","Carrier","Off","1","1","1","Off","1","1","Lombardia FM2","None","Off","Off","Off","Off","Normal Encryption","Off","Off","Off","Off","251.1","0","Off","On","Off","Off","Off","Off","1","0","Off","0","0","0","0","0","0","0","0","0","0","0"
"200","SOTA VHF","144.28500","144.28500","A-Analog","High","12.5K","Off","Off","1 WWIDE","Group Call","1","IU2RKO","Off","Carrier","Off","1","1","1","Off","1","1","SOTA e ISS","None","Off","Off","Off","Off","Normal Encryption","Off","Off","On","Off","251.1","0","Off","On","On","Off","Off","Off","1","0","Off","0","0","0","0","0","0","0","0","0","0","0"
"201","SOTA UHF","432.28500","432.28500","A-Analog","High","12.5K","Off","Off","1 WWIDE","Group Call","1","IU2RKO","Off","Carrier","Off","1","1","1","Off","1","1","SOTA e ISS","None","Off","Off","Off","Off","Normal Encryption","Off","Off","On","Off","251.1","0","Off","On","On","Off","Off","Off","1","0","Off","0","0","0","0","0","0","0","0","0","0","0"
"202","ISS VHF","145.80000","145.20000","A-Analog","High","12.5K","Off","Off","1 WWIDE","Group Call","1","IU2RKO","Off","Carrier","Off","1","1","1","Off","1","1","SOTA e ISS","None","Off","Off","Off","Off","Normal Encryption","Off","Off","Off","Off","251.1","0","Off","On","On","Off","Off","Off","1","0","Off","0","0","0","0","0","0","0","0","0","0","0"
"203","ISS VHFup-UHFdw","437.80000","145.99000","A-Analog","High","12.5K","Off","67.0","1 WWIDE","Group Call","1","IU2RKO","Off","Carrier","Off","1","1","1","Off","1","1","SOTA e ISS","None","Off","Off","Off","Off","Normal Encryption","Off","Off","Off","Off","251.1","1","Off","On","On","Off","Off","Off","1","0","Off","0","0","0","0","0","0","0","0","0","0","0"
"250","NFM1","145.20000","145.20000","A-Analog","High","12.5K","Off","Off","1 WWIDE","Group Call","1","IU2RKO","Off","Carrier","Off","1","1","1","Off","1","1","Simplex VHF","None","Off","Off","Off","Off","Normal Encryption","Off","Off","On","Off","251.1","0","Off","On","On","Off","Off","Off","1","0","Off","0","0","0","0","0","0","0","0","0","0","0"
"251","NFM2","145.21250","145.21250","A-Analog","High","12.5K","Off","Off","1 WWIDE","Group Call","1","IU2RKO","Off","Carrier","Off","1","1","1","Off","1","1","Simplex VHF","None","Off","Off","Off","Off","Normal Encryption","Off","Off","On","Off","251.1","0","Off","On","On","Off","Off","Off","1","0","Off","0","0","0","0","0","0","0","0","0","0","0"
"252","NFM3","145.22500","145.22500","A-Analog","High","12.5K","Off","Off","1 WWIDE","Group Call","1","IU2RKO","Off","Carrier","Off","1","1","1","Off","1","1","Simplex VHF","None","Off","Off","Off","Off","Normal Encryption","Off","Off","On","Off","251.1","0","Off","On","On","Off","Off","Off","1","0","Off","0","0","0","0","0","0","0","0","0","0","0"
"253","NFM4","145.23750","145.23750","A-Analog","High","12.5K","Off","Off","1 WWIDE","Group Call","1","IU2RKO","Off","Carrier","Off","1","1","1","Off","1","1","Simplex VHF","None","Off","Off","Off","Off","Normal Encryption","Off","Off","On","Off","251.1","0","Off","On","On","Off","Off","Off","1","0","Off","0","0","0","0","0","0","0","0","0","0","0"
"254","NFM5","145.25000","145.25000","A-Analog","High","12.5K","Off","Off","1 WWIDE","Group Call","1","IU2RKO","Off","Carrier","Off","1","1","1","Off","1","1","Simplex VHF","None","Off","Off","Off","Off","Normal Encryption","Off","Off","On","Off","251.1","0","Off","On","On","Off","Off","Off","1","0","Off","0","0","0","0","0","0","0","0","0","0","0"
"255","NFM6","145.26250","145.26250","A-Analog","High","12.5K","Off","Off","1 WWIDE","Group Call","1","IU2RKO","Off","Carrier","Off","1","1","1","Off","1","1","Simplex VHF","None","Off","Off","Off","Off","Normal Encryption","Off","Off","On","Off","251.1","0","Off","On","On","Off","Off","Off","1","0","Off","0","0","0","0","0","0","0","0","0","0","0"
"256","NFM7","145.27500","145.27500","A-Analog","High","12.5K","Off","Off","1 WWIDE","Group Call","1","IU2RKO","Off","Carrier","Off","1","1","1","Off","1","1","Simplex VHF","None","Off","Off","Off","Off","Normal Encryption","Off","Off","On","Off","251.1","0","Off","On","On","Off","Off","Off","1","0","Off","0","0","0","0","0","0","0","0","0","0","0"
"257","NFM8","145.28750","145.28750","A-Analog","High","12.5K","Off","Off","1 WWIDE","Group Call","1","IU2RKO","Off","Carrier","Off","1","1","1","Off","1","1","Simplex VHF","None","Off","Off","Off","Off","Normal Encryption","Off","Off","On","Off","251.1","0","Off","On","On","Off","Off","Off","1","0","Off","0","0","0","0","0","0","0","0","0","0","0"
"258","NFM9","145.30000","145.30000","A-Analog","High","12.5K","Off","Off","1 WWIDE","Group Call","1","IU2RKO","Off","Carrier","Off","1","1","1","Off","1","1","Simplex VHF","None","Off","Off","Off","Off","Normal Encryption","Off","Off","On","Off","251.1","0","Off","On","On","Off","Off","Off","1","0","Off","0","0","0","0","0","0","0","0","0","0","0"
"259","NFM10","145.31250","145.31250","A-Analog","High","12.5K","Off","Off","1 WWIDE","Group Call","1","IU2RKO","Off","Carrier","Off","1","1","1","Off","1","1","Simplex VHF","None","Off","Off","Off","Off","Normal Encryption","Off","Off","On","Off","251.1","0","Off","On","On","Off","Off","Off","1","0","Off","0","0","0","0","0","0","0","0","0","0","0"
"260","NFM11","145.32500","145.32500","A-Analog","High","12.5K","Off","Off","1 WWIDE","Group Call","1","IU2RKO","Off","Carrier","Off","1","1","1","Off","1","1","Simplex VHF","None","Off","Off","Off","Off","Normal Encryption","Off","Off","On","Off","251.1","0","Off","On","On","Off","Off","Off","1","0","Off","0","0","0","0","0","0","0","0","0","0","0"
"261","NFM12","145.33750","145.33750","A-Analog","High","12.5K","Off","Off","1 WWIDE","Group Call","1","IU2RKO","Off","Carrier","Off","1","1","1","Off","1","1","Simplex VHF","None","Off","Off","Off","Off","Normal Encryption","Off","Off","On","Off","251.1","0","Off","On","On","Off","Off","Off","1","0","Off","0","0","0","0","0","0","0","0","0","0","0"
"262","NFM13","145.35000","145.35000","A-Analog","High","12.5K","Off","Off","1 WWIDE","Group Call","1","IU2RKO","Off","Carrier","Off","1","1","1","Off","1","1","Simplex VHF","None","Off","Off","Off","Off","Normal Encryption","Off","Off","On","Off","251.1","0","Off","On","On","Off","Off","Off","1","0","Off","0","0","0","0","0","0","0","0","0","0","0"
"263","NFM14","145.36250","145.36250","A-Analog","High","12.5K","Off","Off","1 WWIDE","Group Call","1","IU2RKO","Off","Carrier","Off","1","1","1","Off","1","1","Simplex VHF","None","Off","Off","Off","Off","Normal Encryption","Off","Off","On","Off","251.1","0","Off","On","On","Off","Off","Off","1","0","Off","0","0","0","0","0","0","0","0","0","0","0"
"264","NFM15","145.37500","145.37500","A-Analog","High","12.5K","Off","Off","1 WWIDE","Group Call","1","IU2RKO","Off","Carrier","Off","1","1","1","Off","1","1","Simplex VHF","None","Off","Off","Off","Off","Normal Encryption","Off","Off","On","Off","251.1","0","Off","On","On","Off","Off","Off","1","0","Off","0","0","0","0","0","0","0","0","0","0","0"
"265","NFM16","145.38750","145.38750","A-Analog","High","12.5K","Off","Off","1 WWIDE","Group Call","1","IU2RKO","Off","Carrier","Off","1","1","1","Off","1","1","Simplex VHF","None","Off","Off","Off","Off","Normal Encryption","Off","Off","On","Off","251.1","0","Off","On","On","Off","Off","Off","1","0","Off","0","0","0","0","0","0","0","0","0","0","0"
"266","NFM17","145.40000","145.40000","A-Analog","High","12.5K","Off","Off","1 WWIDE","Group Call","1","IU2RKO","Off","Carrier","Off","1","1","1","Off","1","1","Simplex VHF","None","Off","Off","Off","Off","Normal Encryption","Off","Off","On","Off","251.1","0","Off","On","On","Off","Off","Off","1","0","Off","0","0","0","0","0","0","0","0","0","0","0"
"267","NFM18","145.41250","145.41250","A-Analog","High","12.5K","Off","Off","1 WWIDE","Group Call","1","IU2RKO","Off","Carrier","Off","1","1","1","Off","1","1","Simplex VHF","None","Off","Off","Off","Off","Normal Encryption","Off","Off","On","Off","251.1","0","Off","On","On","Off","Off","Off","1","0","Off","0","0","0","0","0","0","0","0","0","0","0"
"268","NFM19","145.42500","145.42500","A-Analog","High","12.5K","Off","Off","1 WWIDE","Group Call","1","IU2RKO","Off","Carrier","Off","1","1","1","Off","1","1","Simplex VHF","None","Off","Off","Off","Off","Normal Encryption","Off","Off","On","Off","251.1","0","Off","On","On","Off","Off","Off","1","0","Off","0","0","0","0","0","0","0","0","0","0","0"
"269","NFM20","145.43750","145.43750","A-Analog","High","12.5K","Off","Off","1 WWIDE","Group Call","1","IU2RKO","Off","Carrier","Off","1","1","1","Off","1","1","Simplex VHF","None","Off","Off","Off","Off","Normal Encryption","Off","Off","On","Off","251.1","0","Off","On","On","Off","Off","Off","1","0","Off","0","0","0","0","0","0","0","0","0","0","0"
"270","NFM21","145.45000","145.45000","A-Analog","High","12.5K","Off","Off","1 WWIDE","Group Call","1","IU2RKO","Off","Carrier","Off","1","1","1","Off","1","1","Simplex VHF","None","Off","Off","Off","Off","Normal Encryption","Off","Off","On","Off","251.1","0","Off","On","On","Off","Off","Off","1","0","Off","0","0","0","0","0","0","0","0","0","0","0"
"271","NFM22","145.46250","145.46250","A-Analog","High","12.5K","Off","Off","1 WWIDE","Group Call","1","IU2RKO","Off","Carrier","Off","1","1","1","Off","1","1","Simplex VHF","None","Off","Off","Off","Off","Normal Encryption","Off","Off","On","Off","251.1","0","Off","On","On","Off","Off","Off","1","0","Off","0","0","0","0","0","0","0","0","0","0","0"
"272","NFM23","145.47500","145.47500","A-Analog","High","12.5K","Off","Off","1 WWIDE","Group Call","1","IU2RKO","Off","Carrier","Off","1","1","1","Off","1","1","Simplex VHF","None","Off","Off","Off","Off","Normal Encryption","Off","Off","On","Off","251.1","0","Off","On","On","Off","Off","Off","1","0","Off","0","0","0","0","0","0","0","0","0","0","0"
"273","NFM24","145.48750","145.48750","A-Analog","High","12.5K","Off","Off","1 WWIDE","Group Call","1","IU2RKO","Off","Carrier","Off","1","1","1","Off","1","1","Simplex VHF","None","Off","Off","Off","Off","Normal Encryption","Off","Off","On","Off","251.1","0","Off","On","On","Off","Off","Off","1","0","Off","0","0","0","0","0","0","0","0","0","0","0"
"274","NFM25","145.50000","145.50000","A-Analog","High","12.5K","Off","Off","1 WWIDE","Group Call","1","IU2RKO","Off","Carrier","Off","1","1","1","Off","1","1","Simplex VHF","None","Off","Off","Off","Off","Normal Encryption","Off","Off","On","Off","251.1","0","Off","On","On","Off","Off","Off","1","0","Off","0","0","0","0","0","0","0","0","0","0","0"
"275","NFM26","145.51250","145.51250","A-Analog","High","12.5K","Off","Off","1 WWIDE","Group Call","1","IU2RKO","Off","Carrier","Off","1","1","1","Off","1","1","Simplex VHF","None","Off","Off","Off","Off","Normal Encryption","Off","Off","On","Off","251.1","0","Off","On","On","Off","Off","Off","1","0","Off","0","0","0","0","0","0","0","0","0","0","0"
"276","NFM27","145.52500","145.52500","A-Analog","High","12.5K","Off","Off","1 WWIDE","Group Call","1","IU2RKO","Off","Carrier","Off","1","1","1","Off","1","1","Simplex VHF","None","Off","Off","Off","Off","Normal Encryption","Off","Off","On","Off","251.1","0","Off","On","On","Off","Off","Off","1","0","Off","0","0","0","0","0","0","0","0","0","0","0"
"277","NFM28","145.53750","145.53750","A-Analog","High","12.5K","Off","Off","1 WWIDE","Group Call","1","IU2RKO","Off","Carrier","Off","1","1","1","Off","1","1","Simplex VHF","None","Off","Off","Off","Off","Normal Encryption","Off","Off","On","Off","251.1","0","Off","On","On","Off","Off","Off","1","0","Off","0","0","0","0","0","0","0","0","0","0","0"
"278","NFM29","145.55000","145.55000","A-Analog","High","12.5K","Off","Off","1 WWIDE","Group Call","1","IU2RKO","Off","Carrier","Off","1","1","1","Off","1","1","Simplex VHF","None","Off","Off","Off","Off","Normal Encryption","Off","Off","On","Off","251.1","0","Off","On","On","Off","Off","Off","1","0","Off","0","0","0","0","0","0","0","0","0","0","0"
"279","NFM30","145.56250","145.56250","A-Analog","High","12.5K","Off","Off","1 WWIDE","Group Call","1","IU2RKO","Off","Carrier","Off","1","1","1","Off","1","1","Simplex VHF","None","Off","Off","Off","Off","Normal Encryption","Off","Off","On","Off","251.1","0","Off","On","On","Off","Off","Off","1","0","Off","0","0","0","0","0","0","0","0","0","0","0"
"280","NFM31","145.57500","145.57500","A-Analog","High","12.5K","Off","Off","1 WWIDE","Group Call","1","IU2RKO","Off","Carrier","Off","1","1","1","Off","1","1","Simplex VHF","None","Off","Off","Off","Off","Normal Encryption","Off","Off","On","Off","251.1","0","Off","On","On","Off","Off","Off","1","0","Off","0","0","0","0","0","0","0","0","0","0","0"
"281","NFM32","145.58750","145.58750","A-Analog","High","12.5K","Off","Off","1 WWIDE","Group Call","1","IU2RKO","Off","Carrier","Off","1","1","1","Off","1","1","Simplex VHF","None","Off","Off","Off","Off","Normal Encryption","Off","Off","On","Off","251.1","0","Off","On","On","Off","Off","Off","1","0","Off","0","0","0","0","0","0","0","0","0","0","0"
"282","NFM33","145.60000","145.60000","A-Analog","High","12.5K","Off","Off","1 WWIDE","Group Call","1","IU2RKO","Off","Carrier","Off","1","1","1","Off","1","1","Simplex VHF","None","Off","Off","Off","Off","Normal Encryption","Off","Off","On","Off","251.1","0","Off","On","On","Off","Off","Off","1","0","Off","0","0","0","0","0","0","0","0","0","0","0"
"283","NFM34","145.61250","145.61250","A-Analog","High","12.5K","Off","Off","1 WWIDE","Group Call","1","IU2RKO","Off","Carrier","Off","1","1","1","Off","1","1","Simplex VHF","None","Off","Off","Off","Off","Normal Encryption","Off","Off","On","Off","251.1","0","Off","On","On","Off","Off","Off","1","0","Off","0","0","0","0","0","0","0","0","0","0","0"
"284","NFM35","145.62500","145.62500","A-Analog","High","12.5K","Off","Off","1 WWIDE","Group Call","1","IU2RKO","Off","Carrier","Off","1","1","1","Off","1","1","Simplex VHF","None","Off","Off","Off","Off","Normal Encryption","Off","Off","On","Off","251.1","0","Off","On","On","Off","Off","Off","1","0","Off","0","0","0","0","0","0","0","0","0","0","0"
"285","NFM36","145.63750","145.63750","A-Analog","High","12.5K","Off","Off","1 WWIDE","Group Call","1","IU2RKO","Off","Carrier","Off","1","1","1","Off","1","1","Simplex VHF","None","Off","Off","Off","Off","Normal Encryption","Off","Off","On","Off","251.1","0","Off","On","On","Off","Off","Off","1","0","Off","0","0","0","0","0","0","0","0","0","0","0"
"286","NFM37","145.65000","145.65000","A-Analog","High","12.5K","Off","Off","1 WWIDE","Group Call","1","IU2RKO","Off","Carrier","Off","1","1","1","Off","1","1","Simplex VHF","None","Off","Off","Off","Off","Normal Encryption","Off","Off","On","Off","251.1","0","Off","On","On","Off","Off","Off","1","0","Off","0","0","0","0","0","0","0","0","0","0","0"
"287","NFM38","145.66250","145.66250","A-Analog","High","12.5K","Off","Off","1 WWIDE","Group Call","1","IU2RKO","Off","Carrier","Off","1","1","1","Off","1","1","Simplex VHF","None","Off","Off","Off","Off","Normal Encryption","Off","Off","On","Off","251.1","0","Off","On","On","Off","Off","Off","1","0","Off","0","0","0","0","0","0","0","0","0","0","0"
"288","NFM39","145.67500","145.67500","A-Analog","High","12.5K","Off","Off","1 WWIDE","Group Call","1","IU2RKO","Off","Carrier","Off","1","1","1","Off","1","1","Simplex VHF","None","Off","Off","Off","Off","Normal Encryption","Off","Off","On","Off","251.1","0","Off","On","On","Off","Off","Off","1","0","Off","0","0","0","0","0","0","0","0","0","0","0"
"289","NFM40","145.68750","145.68750","A-Analog","High","12.5K","Off","Off","1 WWIDE","Group Call","1","IU2RKO","Off","Carrier","Off","1","1","1","Off","1","1","Simplex VHF","None","Off","Off","Off","Off","Normal Encryption","Off","Off","On","Off","251.1","0","Off","On","On","Off","Off","Off","1","0","Off","0","0","0","0","0","0","0","0","0","0","0"
"290","NFM41","145.70000","145.70000","A-Analog","High","12.5K","Off","Off","1 WWIDE","Group Call","1","IU2RKO","Off","Carrier","Off","1","1","1","Off","1","1","Simplex VHF","None","Off","Off","Off","Off","Normal Encryption","Off","Off","On","Off","251.1","0","Off","On","On","Off","Off","Off","1","0","Off","0","0","0","0","0","0","0","0","0","0","0"
"291","NFM42","145.71250","145.71250","A-Analog","High","12.5K","Off","Off","1 WWIDE","Group Call","1","IU2RKO","Off","Carrier","Off","1","1","1","Off","1","1","Simplex VHF","None","Off","Off","Off","Off","Normal Encryption","Off","Off","On","Off","251.1","0","Off","On","On","Off","Off","Off","1","0","Off","0","0","0","0","0","0","0","0","0","0","0"
"292","NFM43","145.72500","145.72500","A-Analog","High","12.5K","Off","Off","1 WWIDE","Group Call","1","IU2RKO","Off","Carrier","Off","1","1","1","Off","1","1","Simplex VHF","None","Off","Off","Off","Off","Normal Encryption","Off","Off","On","Off","251.1","0","Off","On","On","Off","Off","Off","1","0","Off","0","0","0","0","0","0","0","0","0","0","0"
"293","NFM44","145.73750","145.73750","A-Analog","High","12.5K","Off","Off","1 WWIDE","Group Call","1","IU2RKO","Off","Carrier","Off","1","1","1","Off","1","1","Simplex VHF","None","Off","Off","Off","Off","Normal Encryption","Off","Off","On","Off","251.1","0","Off","On","On","Off","Off","Off","1","0","Off","0","0","0","0","0","0","0","0","0","0","0"
"294","NFM45","145.75000","145.75000","A-Analog","High","12.5K","Off","Off","1 WWIDE","Group Call","1","IU2RKO","Off","Carrier","Off","1","1","1","Off","1","1","Simplex VHF","None","Off","Off","Off","Off","Normal Encryption","Off","Off","On","Off","251.1","0","Off","On","On","Off","Off","Off","1","0","Off","0","0","0","0","0","0","0","0","0","0","0"
"295","NFM46","145.76250","145.76250","A-Analog","High","12.5K","Off","Off","1 WWIDE","Group Call","1","IU2RKO","Off","Carrier","Off","1","1","1","Off","1","1","Simplex VHF","None","Off","Off","Off","Off","Normal Encryption","Off","Off","On","Off","251.1","0","Off","On","On","Off","Off","Off","1","0","Off","0","0","0","0","0","0","0","0","0","0","0"
"296","NFM47","145.77500","145.77500","A-Analog","High","12.5K","Off","Off","1 WWIDE","Group Call","1","IU2RKO","Off","Carrier","Off","1","1","1","Off","1","1","Simplex VHF","None","Off","Off","Off","Off","Normal Encryption","Off","Off","On","Off","251.1","0","Off","On","On","Off","Off","Off","1","0","Off","0","0","0","0","0","0","0","0","0","0","0"
"297","NFM48","145.78750","145.78750","A-Analog","High","12.5K","Off","Off","1 WWIDE","Group Call","1","IU2RKO","Off","Carrier","Off","1","1","1","Off","1","1","Simplex VHF","None","Off","Off","Off","Off","Normal Encryption","Off","Off","On","Off","251.1","0","Off","On","On","Off","Off","Off","1","0","Off","0","0","0","0","0","0","0","0","0","0","0"
"298","NFM49","145.80000","145.80000","A-Analog","High","12.5K","Off","Off","1 WWIDE","Group Call","1","IU2RKO","Off","Carrier","Off","1","1","1","Off","1","1","Simplex VHF","None","Off","Off","Off","Off","Normal Encryption","Off","Off","On","Off","251.1","0","Off","On","On","Off","Off","Off","1","0","Off","0","0","0","0","0","0","0","0","0","0","0"
"299","NFM50","145.81250","145.81250","A-Analog","High","12.5K","Off","Off","1 WWIDE","Group Call","1","IU2RKO","Off","Carrier","Off","1","1","1","Off","1","1","Simplex VHF","None","Off","Off","Off","Off","Normal Encryption","Off","Off","On","Off","251.1","0","Off","On","On","Off","Off","Off","1","0","Off","0","0","0","0","0","0","0","0","0","0","0"
"300","NFM51","145.82500","145.82500","A-Analog","High","12.5K","Off","Off","1 WWIDE","Group Call","1","IU2RKO","Off","Carrier","Off","1","1","1","Off","1","1","Simplex VHF","None","Off","Off","Off","Off","Normal Encryption","Off","Off","On","Off","251.1","0","Off","On","On","Off","Off","Off","1","0","Off","0","0","0","0","0","0","0","0","0","0","0"
"301","NFM52","145.83750","145.83750","A-Analog","High","12.5K","Off","Off","1 WWIDE","Group Call","1","IU2RKO","Off","Carrier","Off","1","1","1","Off","1","1","Simplex VHF","None","Off","Off","Off","Off","Normal Encryption","Off","Off","On","Off","251.1","0","Off","On","On","Off","Off","Off","1","0","Off","0","0","0","0","0","0","0","0","0","0","0"
"302","NFM53","145.85000","145.85000","A-Analog","High","12.5K","Off","Off","1 WWIDE","Group Call","1","IU2RKO","Off","Carrier","Off","1","1","1","Off","1","1","Simplex VHF","None","Off","Off","Off","Off","Normal Encryption","Off","Off","On","Off","251.1","0","Off","On","On","Off","Off","Off","1","0","Off","0","0","0","0","0","0","0","0","0","0","0"
"303","NFM54","145.86250","145.86250","A-Analog","High","12.5K","Off","Off","1 WWIDE","Group Call","1","IU2RKO","Off","Carrier","Off","1","1","1","Off","1","1","Simplex VHF","None","Off","Off","Off","Off","Normal Encryption","Off","Off","On","Off","251.1","0","Off","On","On","Off","Off","Off","1","0","Off","0","0","0","0","0","0","0","0","0","0","0"
"304","NFM55","145.87500","145.87500","A-Analog","High","12.5K","Off","Off","1 WWIDE","Group Call","1","IU2RKO","Off","Carrier","Off","1","1","1","Off","1","1","Simplex VHF","None","Off","Off","Off","Off","Normal Encryption","Off","Off","On","Off","251.1","0","Off","On","On","Off","Off","Off","1","0","Off","0","0","0","0","0","0","0","0","0","0","0"
"305","NBFM1","145.60000","145.60000","A-Analog","High","12.5K","Off","Off","1 WWIDE","Group Call","1","IU2RKO","Off","Carrier","Off","1","1","1","Off","1","1","Simplex VHF","None","Off","Off","Off","Off","Normal Encryption","Off","Off","On","Off","251.1","0","Off","On","On","Off","Off","Off","1","0","Off","0","0","0","0","0","0","0","0","0","0","0"
"306","NBFM2","145.61250","145.61250","A-Analog","High","12.5K","Off","Off","1 WWIDE","Group Call","1","IU2RKO","Off","Carrier","Off","1","1","1","Off","1","1","Simplex VHF","None","Off","Off","Off","Off","Normal Encryption","Off","Off","On","Off","251.1","0","Off","On","On","Off","Off","Off","1","0","Off","0","0","0","0","0","0","0","0","0","0","0"
"307","NBFM3","145.62500","145.62500","A-Analog","High","12.5K","Off","Off","1 WWIDE","Group Call","1","IU2RKO","Off","Carrier","Off","1","1","1","Off","1","1","Simplex VHF","None","Off","Off","Off","Off","Normal Encryption","Off","Off","On","Off","251.1","0","Off","On","On","Off","Off","Off","1","0","Off","0","0","0","0","0","0","0","0","0","0","0"
"308","NBFM4","145.63750","145.63750","A-Analog","High","12.5K","Off","Off","1 WWIDE","Group Call","1","IU2RKO","Off","Carrier","Off","1","1","1","Off","1","1","Simplex VHF","None","Off","Off","Off","Off","Normal Encryption","Off","Off","On","Off","251.1","0","Off","On","On","Off","Off","Off","1","0","Off","0","0","0","0","0","0","0","0","0","0","0"
"309","NBFM5","145.65000","145.65000","A-Analog","High","12.5K","Off","Off","1 WWIDE","Group Call","1","IU2RKO","Off","Carrier","Off","1","1","1","Off","1","1","Simplex VHF","None","Off","Off","Off","Off","Normal Encryption","Off","Off","On","Off","251.1","0","Off","On","On","Off","Off","Off","1","0","Off","0","0","0","0","0","0","0","0","0","0","0"
"310","NBFM6","145.66250","145.66250","A-Analog","High","12.5K","Off","Off","1 WWIDE","Group Call","1","IU2RKO","Off","Carrier","Off","1","1","1","Off","1","1","Simplex VHF","None","Off","Off","Off","Off","Normal Encryption","Off","Off","On","Off","251.1","0","Off","On","On","Off","Off","Off","1","0","Off","0","0","0","0","0","0","0","0","0","0","0"
"311","NBFM7","145.67500","145.67500","A-Analog","High","12.5K","Off","Off","1 WWIDE","Group Call","1","IU2RKO","Off","Carrier","Off","1","1","1","Off","1","1","Simplex VHF","None","Off","Off","Off","Off","Normal Encryption","Off","Off","On","Off","251.1","0","Off","On","On","Off","Off","Off","1","0","Off","0","0","0","0","0","0","0","0","0","0","0"
"312","NBFM8","145.68750","145.68750","A-Analog","High","12.5K","Off","Off","1 WWIDE","Group Call","1","IU2RKO","Off","Carrier","Off","1","1","1","Off","1","1","Simplex VHF","None","Off","Off","Off","Off","Normal Encryption","Off","Off","On","Off","251.1","0","Off","On","On","Off","Off","Off","1","0","Off","0","0","0","0","0","0","0","0","0","0","0"
"313","NBFM9","145.70000","145.70000","A-Analog","High","12.5K","Off","Off","1 WWIDE","Group Call","1","IU2RKO","Off","Carrier","Off","1","1","1","Off","1","1","Simplex VHF","None","Off","Off","Off","Off","Normal Encryption","Off","Off","On","Off","251.1","0","Off","On","On","Off","Off","Off","1","0","Off","0","0","0","0","0","0","0","0","0","0","0"
"314","NBFM10","145.71250","145.71250","A-Analog","High","12.5K","Off","Off","1 WWIDE","Group Call","1","IU2RKO","Off","Carrier","Off","1","1","1","Off","1","1","Simplex VHF","None","Off","Off","Off","Off","Normal Encryption","Off","Off","On","Off","251.1","0","Off","On","On","Off","Off","Off","1","0","Off","0","0","0","0","0","0","0","0","0","0","0"
"315","NBFM11","145.72500","145.72500","A-Analog","High","12.5K","Off","Off","1 WWIDE","Group Call","1","IU2RKO","Off","Carrier","Off","1","1","1","Off","1","1","Simplex VHF","None","Off","Off","Off","Off","Normal Encryption","Off","Off","On","Off","251.1","0","Off","On","On","Off","Off","Off","1","0","Off","0","0","0","0","0","0","0","0","0","0","0"
"316","NBFM12","145.73750","145.73750","A-Analog","High","12.5K","Off","Off","1 WWIDE","Group Call","1","IU2RKO","Off","Carrier","Off","1","1","1","Off","1","1","Simplex VHF","None","Off","Off","Off","Off","Normal Encryption","Off","Off","On","Off","251.1","0","Off","On","On","Off","Off","Off","1","0","Off","0","0","0","0","0","0","0","0","0","0","0"
"317","NBFM13","145.75000","145.75000","A-Analog","High","12.5K","Off","Off","1 WWIDE","Group Call","1","IU2RKO","Off","Carrier","Off","1","1","1","Off","1","1","Simplex VHF","None","Off","Off","Off","Off","Normal Encryption","Off","Off","On","Off","251.1","0","Off","On","On","Off","Off","Off","1","0","Off","0","0","0","0","0","0","0","0","0","0","0"
"318","NBFM14","145.76250","145.76250","A-Analog","High","12.5K","Off","Off","1 WWIDE","Group Call","1","IU2RKO","Off","Carrier","Off","1","1","1","Off","1","1","Simplex VHF","None","Off","Off","Off","Off","Normal Encryption","Off","Off","On","Off","251.1","0","Off","On","On","Off","Off","Off","1","0","Off","0","0","0","0","0","0","0","0","0","0","0"
"319","NBFM15","145.77500","145.77500","A-Analog","High","12.5K","Off","Off","1 WWIDE","Group Call","1","IU2RKO","Off","Carrier","Off","1","1","1","Off","1","1","Simplex VHF","None","Off","Off","Off","Off","Normal Encryption","Off","Off","On","Off","251.1","0","Off","On","On","Off","Off","Off","1","0","Off","0","0","0","0","0","0","0","0","0","0","0"
"320","NBFM16","145.78750","145.78750","A-Analog","High","12.5K","Off","Off","1 WWIDE","Group Call","1","IU2RKO","Off","Carrier","Off","1","1","1","Off","1","1","Simplex VHF","None","Off","Off","Off","Off","Normal Encryption","Off","Off","On","Off","251.1","0","Off","On","On","Off","Off","Off","1","0","Off","0","0","0","0","0","0","0","0","0","0","0"
"4001","Channel VFO A","430.00000","431.60000","A-Analog","High","12.5K","Off","Off","1 WWIDE","Group Call","1","IU2RKO","Off","Carrier","Off","1","1","1","Off","2","1","None","None","Off","Off","Off","Off","Normal Encryption","Off","Off","Off","Off","131.8","1","Off","Off","On","Off","Off","Off","1","0","Off","0","1","1","0","0","0","0","0","0","0","0"
"4002","Channel VFO B","144.00000","143.40000","A-Analog","High","12.5K","Off","71.9","1 WWIDE","Group Call","1","IU2RKO","Off","Carrier","Off","1","1","1","Off","1","1","None","None","Off","Off","Off","Off","Normal Encryption","Off","Off","Off","Off","131.8","1","Off","Off","On","Off","Off","Off","1","0","Off","0","1","1","0","0","0","0","0","0","0","0"
